max_population,selection_strategy,num_of_crossovers_per_generation,mutation_probability,problem_difficulty,runs,average_time(success),success_rate
2,fitness_proportionate_selection,1,0.01,easy,50,0.36750799999999995,2.0
2,fitness_proportionate_selection,1,0.01,hard,50,,0
2,fitness_proportionate_selection,1,0.05,easy,50,0.36269333333333265,6.0
2,fitness_proportionate_selection,1,0.05,hard,50,,0
2,fitness_proportionate_selection,1,0.1,easy,50,0.0176959642857152,56.00000000000001
2,fitness_proportionate_selection,1,0.1,hard,50,1.0777670000000228,2.0
2,fitness_proportionate_selection,1,0.2,easy,50,0.4665516666666652,6.0
2,fitness_proportionate_selection,1,0.2,hard,50,,0
2,fitness_proportionate_selection,1,0.3,easy,50,0.3004181666666612,36.0
2,fitness_proportionate_selection,1,0.3,hard,50,,0
2,fitness_proportionate_selection,1,0.4,easy,50,0.27416567857142937,56.00000000000001
2,fitness_proportionate_selection,1,0.4,hard,50,,0
2,fitness_proportionate_selection,1,0.5,easy,50,0.4623642173913031,46.0
2,fitness_proportionate_selection,1,0.5,hard,50,,0
2,fitness_proportionate_selection,1,0.6,easy,50,0.25038638888886705,36.0
2,fitness_proportionate_selection,1,0.6,hard,50,,0
2,fitness_proportionate_selection,1,0.7,easy,50,0.13273134090908137,88.0
2,fitness_proportionate_selection,1,0.7,hard,50,,0
2,fitness_proportionate_selection,1,0.8,easy,50,0.01284650000000056,100.0
2,fitness_proportionate_selection,1,0.8,hard,50,,0
2,simple_sort,1,0.01,easy,50,0.04341749999999441,12.0
2,simple_sort,1,0.01,hard,50,,0
2,simple_sort,1,0.05,easy,50,0.39863000000013926,2.0
2,simple_sort,1,0.05,hard,50,,0
2,simple_sort,1,0.1,easy,50,0.17959628571429676,14.000000000000002
2,simple_sort,1,0.1,hard,50,0.02152299999988827,2.0
2,simple_sort,1,0.2,easy,50,0.5284607142857567,14.000000000000002
2,simple_sort,1,0.2,hard,50,,0
2,simple_sort,1,0.3,easy,50,0.6654770000001008,20.0
2,simple_sort,1,0.3,hard,50,,0
2,simple_sort,1,0.4,easy,50,0.3063268749999679,32.0
2,simple_sort,1,0.4,hard,50,,0
2,simple_sort,1,0.5,easy,50,0.10926199999999621,70.0
2,simple_sort,1,0.5,hard,50,,0
2,simple_sort,1,0.6,easy,50,0.24171080645161172,62.0
2,simple_sort,1,0.6,hard,50,,0
2,simple_sort,1,0.7,easy,50,0.13409776595753622,94.0
2,simple_sort,1,0.7,hard,50,,0
2,simple_sort,1,0.8,easy,50,1.1954021249999585,32.0
2,simple_sort,1,0.8,hard,50,,0
3,fitness_proportionate_selection,1,0.01,easy,50,0.1404399999999999,2.0
3,fitness_proportionate_selection,1,0.01,hard,50,,0
3,fitness_proportionate_selection,1,0.05,easy,50,0.24812620000000152,10.0
3,fitness_proportionate_selection,1,0.05,hard,50,,0
3,fitness_proportionate_selection,1,0.1,easy,50,0.25038874999999905,16.0
3,fitness_proportionate_selection,1,0.1,hard,50,0.05665700000000129,4.0
3,fitness_proportionate_selection,1,0.2,easy,50,0.7098398000000004,40.0
3,fitness_proportionate_selection,1,0.2,hard,50,0.040091500000045244,4.0
3,fitness_proportionate_selection,1,0.3,easy,50,0.23925555555558098,36.0
3,fitness_proportionate_selection,1,0.3,hard,50,,0
3,fitness_proportionate_selection,1,0.4,easy,50,0.9263142727272783,44.0
3,fitness_proportionate_selection,1,0.4,hard,50,0.14539750000005824,4.0
3,fitness_proportionate_selection,1,0.5,easy,50,1.0668250526315732,38.0
3,fitness_proportionate_selection,1,0.5,hard,50,0.25205099999993763,4.0
3,fitness_proportionate_selection,1,0.6,easy,50,0.7177258285714223,70.0
3,fitness_proportionate_selection,1,0.6,hard,50,,0
3,fitness_proportionate_selection,1,0.7,easy,50,1.2386265000000094,44.0
3,fitness_proportionate_selection,1,0.7,hard,50,0.0605644999998276,4.0
3,fitness_proportionate_selection,1,0.8,easy,50,1.1884682173913066,46.0
3,fitness_proportionate_selection,1,0.8,hard,50,,0
3,simple_sort,1,0.01,easy,50,0.11631339999996726,40.0
3,simple_sort,1,0.01,hard,50,0.23777099999991455,6.0
3,simple_sort,1,0.05,easy,50,0.039275111111186964,18.0
3,simple_sort,1,0.05,hard,50,0.12068362499996965,16.0
3,simple_sort,1,0.1,easy,50,0.2664963076922854,26.0
3,simple_sort,1,0.1,hard,50,0.09844720000000962,10.0
3,simple_sort,1,0.2,easy,50,0.3268897391304642,46.0
3,simple_sort,1,0.2,hard,50,0.06245766666643249,6.0
3,simple_sort,1,0.3,easy,50,0.17487612000002628,50.0
3,simple_sort,1,0.3,hard,50,0.015595500000017637,4.0
3,simple_sort,1,0.4,easy,50,0.2611592499999915,48.0
3,simple_sort,1,0.4,hard,50,0.03375149999988025,4.0
3,simple_sort,1,0.5,easy,50,0.09123038709678381,62.0
3,simple_sort,1,0.5,hard,50,0.03622899999997268,6.0
3,simple_sort,1,0.6,easy,50,0.7068507916666249,48.0
3,simple_sort,1,0.6,hard,50,0.08099133333356197,6.0
3,simple_sort,1,0.7,easy,50,0.2217976136363921,88.0
3,simple_sort,1,0.7,hard,50,0.08208199999990029,4.0
3,simple_sort,1,0.8,easy,50,0.50671833333342,54.0
3,simple_sort,1,0.8,hard,50,0.4360857499998474,8.0
3,fitness_proportionate_selection,2,0.01,easy,50,0.07031600000000027,8.0
3,fitness_proportionate_selection,2,0.01,hard,50,,0
3,fitness_proportionate_selection,2,0.05,easy,50,0.2167361999999997,10.0
3,fitness_proportionate_selection,2,0.05,hard,50,0.19297299999998074,4.0
3,fitness_proportionate_selection,2,0.1,easy,50,0.5791189999999915,20.0
3,fitness_proportionate_selection,2,0.1,hard,50,,0
3,fitness_proportionate_selection,2,0.2,easy,50,0.763246562500008,32.0
3,fitness_proportionate_selection,2,0.2,hard,50,,0
3,fitness_proportionate_selection,2,0.3,easy,50,0.029590893617020636,94.0
3,fitness_proportionate_selection,2,0.3,hard,50,0.05832450000002609,4.0
3,fitness_proportionate_selection,2,0.4,easy,50,0.7486174814814772,54.0
3,fitness_proportionate_selection,2,0.4,hard,50,0.021676000000070417,2.0
3,fitness_proportionate_selection,2,0.5,easy,50,0.20364035135132844,74.0
3,fitness_proportionate_selection,2,0.5,hard,50,0.016771999999946274,4.0
3,fitness_proportionate_selection,2,0.6,easy,50,1.5670079629629712,54.0
3,fitness_proportionate_selection,2,0.6,hard,50,0.21312600000010207,6.0
3,fitness_proportionate_selection,2,0.7,easy,50,0.8663820400000258,50.0
3,fitness_proportionate_selection,2,0.7,hard,50,0.09911700000005415,6.0
3,fitness_proportionate_selection,2,0.8,easy,50,0.5361233636363067,44.0
3,fitness_proportionate_selection,2,0.8,hard,50,,0
3,simple_sort,2,0.01,easy,50,0.6555442500000481,8.0
3,simple_sort,2,0.01,hard,50,0.12776885714291503,14.000000000000002
3,simple_sort,2,0.05,easy,50,0.1292826551724641,57.99999999999999
3,simple_sort,2,0.05,hard,50,0.19558349999988422,4.0
3,simple_sort,2,0.1,easy,50,0.10453049999994489,28.000000000000004
3,simple_sort,2,0.1,hard,50,0.1142677499999536,8.0
3,simple_sort,2,0.2,easy,50,0.28165052631579546,38.0
3,simple_sort,2,0.2,hard,50,0.30483712499989224,16.0
3,simple_sort,2,0.3,easy,50,0.021244687500058035,96.0
3,simple_sort,2,0.3,hard,50,0.039069199999903506,10.0
3,simple_sort,2,0.4,easy,50,0.14445214285720534,70.0
3,simple_sort,2,0.4,hard,50,0.08758129999996526,20.0
3,simple_sort,2,0.5,easy,50,0.12541786363633697,88.0
3,simple_sort,2,0.5,hard,50,0.05641389999991588,20.0
3,simple_sort,2,0.6,easy,50,0.3265232999999171,60.0
3,simple_sort,2,0.6,hard,50,0.053826857142796926,14.000000000000002
3,simple_sort,2,0.7,easy,50,0.2272374062500262,64.0
3,simple_sort,2,0.7,hard,50,0.16560487499987175,16.0
3,simple_sort,2,0.8,easy,50,0.7104855151515452,66.0
3,simple_sort,2,0.8,hard,50,0.03126024999968043,24.0
4,fitness_proportionate_selection,1,0.01,easy,50,0.26649165384613016,52.0
4,fitness_proportionate_selection,1,0.01,hard,50,0.46587970000000495,20.0
4,fitness_proportionate_selection,1,0.05,easy,50,0.2373537692307694,78.0
4,fitness_proportionate_selection,1,0.05,hard,50,0.48943416666674644,36.0
4,fitness_proportionate_selection,1,0.1,easy,50,0.19245919512188886,82.0
4,fitness_proportionate_selection,1,0.1,hard,50,0.41043195652175357,46.0
4,fitness_proportionate_selection,1,0.2,easy,50,0.15090369767446202,86.0
4,fitness_proportionate_selection,1,0.2,hard,50,0.5584177037037955,54.0
4,fitness_proportionate_selection,1,0.3,easy,50,0.166090260869564,92.0
4,fitness_proportionate_selection,1,0.3,hard,50,0.8282441304347389,46.0
4,fitness_proportionate_selection,1,0.4,easy,50,0.19877997826081453,92.0
4,fitness_proportionate_selection,1,0.4,hard,50,0.8024834615385561,52.0
4,fitness_proportionate_selection,1,0.5,easy,50,0.19829576086959091,92.0
4,fitness_proportionate_selection,1,0.5,hard,50,0.8418714347825818,46.0
4,fitness_proportionate_selection,1,0.6,easy,50,0.18426308000012795,100.0
4,fitness_proportionate_selection,1,0.6,hard,50,1.3636735882353284,34.0
4,fitness_proportionate_selection,1,0.7,easy,50,0.3534948444444833,90.0
4,fitness_proportionate_selection,1,0.7,hard,50,1.7788507333333958,30.0
4,fitness_proportionate_selection,1,0.8,easy,50,0.40114791304348846,92.0
4,fitness_proportionate_selection,1,0.8,hard,50,1.0996018000000731,20.0
4,fitness_proportionate_selection,2,0.01,easy,50,0.496008066666703,30.0
4,fitness_proportionate_selection,2,0.01,hard,50,0.5750682499999584,24.0
4,fitness_proportionate_selection,2,0.05,easy,50,0.19981659459463608,74.0
4,fitness_proportionate_selection,2,0.05,hard,50,0.6268408235291645,34.0
4,fitness_proportionate_selection,2,0.1,easy,50,0.12422354347812792,92.0
4,fitness_proportionate_selection,2,0.1,hard,50,0.3188031153847008,52.0
4,fitness_proportionate_selection,2,0.2,easy,50,0.11509208163264777,98.0
4,fitness_proportionate_selection,2,0.2,hard,50,0.562709709677385,62.0
4,fitness_proportionate_selection,2,0.3,easy,50,0.35322377777784925,90.0
4,fitness_proportionate_selection,2,0.3,hard,50,0.4070424687500349,64.0
4,fitness_proportionate_selection,2,0.4,easy,50,0.20645484782610013,92.0
4,fitness_proportionate_selection,2,0.4,hard,50,0.31307358333323365,72.0
4,fitness_proportionate_selection,2,0.5,easy,50,0.25335018750001836,96.0
4,fitness_proportionate_selection,2,0.5,hard,50,0.397557999999996,60.0
4,fitness_proportionate_selection,2,0.6,easy,50,0.1724774893616299,94.0
4,fitness_proportionate_selection,2,0.6,hard,50,0.5731069259259635,54.0
4,fitness_proportionate_selection,2,0.7,easy,50,0.22424482978730087,94.0
4,fitness_proportionate_selection,2,0.7,hard,50,0.6591811999999361,60.0
4,fitness_proportionate_selection,2,0.8,easy,50,0.26279166666661996,96.0
4,fitness_proportionate_selection,2,0.8,hard,50,1.3721861111111207,54.0
4,simple_sort,1,0.01,easy,50,0.3157956000002741,30.0
4,simple_sort,1,0.01,hard,50,0.36059188888854504,18.0
4,simple_sort,1,0.05,easy,50,0.15842707692321803,78.0
4,simple_sort,1,0.05,hard,50,0.5196876190474584,42.0
4,simple_sort,1,0.1,easy,50,0.12064171052641445,76.0
4,simple_sort,1,0.1,hard,50,0.4030615600000601,50.0
4,simple_sort,1,0.2,easy,50,0.11274171428561074,84.0
4,simple_sort,1,0.2,hard,50,0.21627100000002358,52.0
4,simple_sort,1,0.3,easy,50,0.04607223404255297,94.0
4,simple_sort,1,0.3,hard,50,0.22806769444448743,72.0
4,simple_sort,1,0.4,easy,50,0.09713295918359387,98.0
4,simple_sort,1,0.4,hard,50,0.2190073823530303,68.0
4,simple_sort,1,0.5,easy,50,0.23913495918368796,98.0
4,simple_sort,1,0.5,hard,50,0.1833119024390393,82.0
4,simple_sort,1,0.6,easy,50,0.14245015555562632,90.0
4,simple_sort,1,0.6,hard,50,0.27065670588244223,68.0
4,simple_sort,1,0.7,easy,50,0.06090789361696033,94.0
4,simple_sort,1,0.7,hard,50,0.5163382727272564,66.0
4,simple_sort,1,0.8,easy,50,0.1382412040817441,98.0
4,simple_sort,1,0.8,hard,50,0.5551773043480352,46.0
4,simple_sort,2,0.01,easy,50,0.1218037916666314,48.0
4,simple_sort,2,0.01,hard,50,0.4353596666660451,6.0
4,simple_sort,2,0.05,easy,50,0.40287032258064787,62.0
4,simple_sort,2,0.05,hard,50,0.6215008181818782,22.0
4,simple_sort,2,0.1,easy,50,0.28121905405409836,74.0
4,simple_sort,2,0.1,hard,50,1.0745052999998734,20.0
4,simple_sort,2,0.2,easy,50,0.13047224999981052,72.0
4,simple_sort,2,0.2,hard,50,0.48314829411794885,34.0
4,simple_sort,2,0.3,easy,50,0.06544023404243722,94.0
4,simple_sort,2,0.3,hard,50,0.17536351724134122,57.99999999999999
4,simple_sort,2,0.4,easy,50,0.03441984444454849,90.0
4,simple_sort,2,0.4,hard,50,0.2096151111111087,54.0
4,simple_sort,2,0.5,easy,50,0.03453117777785843,90.0
4,simple_sort,2,0.5,hard,50,0.15018926315779504,76.0
4,simple_sort,2,0.6,easy,50,0.057447204081710175,98.0
4,simple_sort,2,0.6,hard,50,0.14114097222222377,72.0
4,simple_sort,2,0.7,easy,50,0.03166161702141293,94.0
4,simple_sort,2,0.7,hard,50,0.16342541463399823,82.0
4,simple_sort,2,0.8,easy,50,0.1541927291665767,96.0
4,simple_sort,2,0.8,hard,50,0.13220300000009444,78.0
5,fitness_proportionate_selection,1,0.01,easy,50,0.36442323913054325,92.0
5,fitness_proportionate_selection,1,0.01,hard,50,1.1500735000001276,44.0
5,fitness_proportionate_selection,1,0.05,easy,50,0.22864439999990283,100.0
5,fitness_proportionate_selection,1,0.05,hard,50,1.0522751777777255,90.0
5,fitness_proportionate_selection,1,0.1,easy,50,0.18691763999984687,100.0
5,fitness_proportionate_selection,1,0.1,hard,50,0.8424780000000004,98.0
5,fitness_proportionate_selection,1,0.2,easy,50,0.10342722448980826,98.0
5,fitness_proportionate_selection,1,0.2,hard,50,0.8942441632652287,98.0
5,fitness_proportionate_selection,1,0.3,easy,50,0.13590930000013032,100.0
5,fitness_proportionate_selection,1,0.3,hard,50,0.8768524791666247,96.0
5,fitness_proportionate_selection,1,0.4,easy,50,0.09412999999989552,100.0
5,fitness_proportionate_selection,1,0.4,hard,50,1.6169980624999123,96.0
5,fitness_proportionate_selection,1,0.5,easy,50,0.12807471999989503,100.0
5,fitness_proportionate_selection,1,0.5,hard,50,2.1145815869566555,92.0
5,fitness_proportionate_selection,1,0.6,easy,50,0.1407966599999054,100.0
5,fitness_proportionate_selection,1,0.6,hard,50,3.7375601428573235,98.0
5,fitness_proportionate_selection,1,0.7,easy,50,0.2610005510203856,98.0
5,fitness_proportionate_selection,1,0.7,hard,50,3.6533640555557616,72.0
5,fitness_proportionate_selection,1,0.8,easy,50,0.2770731600000363,100.0
5,fitness_proportionate_selection,1,0.8,hard,50,4.145261962962885,54.0
5,fitness_proportionate_selection,2,0.01,easy,50,0.47929115555553936,90.0
5,fitness_proportionate_selection,2,0.01,hard,50,1.4771491578947844,38.0
5,fitness_proportionate_selection,2,0.05,easy,50,0.2331725624998929,96.0
5,fitness_proportionate_selection,2,0.05,hard,50,1.0571492619048426,84.0
5,fitness_proportionate_selection,2,0.1,easy,50,0.1076433061224801,98.0
5,fitness_proportionate_selection,2,0.1,hard,50,0.814623020408121,98.0
5,fitness_proportionate_selection,2,0.2,easy,50,0.30258702040822644,98.0
5,fitness_proportionate_selection,2,0.2,hard,50,0.595030081632493,98.0
5,fitness_proportionate_selection,2,0.3,easy,50,0.060034099999866156,100.0
5,fitness_proportionate_selection,2,0.3,hard,50,0.43208544897952006,98.0
5,fitness_proportionate_selection,2,0.4,easy,50,0.06463977999996132,100.0
5,fitness_proportionate_selection,2,0.4,hard,50,0.45273338775535066,98.0
5,fitness_proportionate_selection,2,0.5,easy,50,0.0750123000000167,100.0
5,fitness_proportionate_selection,2,0.5,hard,50,0.5130409800000416,100.0
5,fitness_proportionate_selection,2,0.6,easy,50,0.1035983673467928,98.0
5,fitness_proportionate_selection,2,0.6,hard,50,0.7108761199999207,100.0
5,fitness_proportionate_selection,2,0.7,easy,50,0.27844782000011037,100.0
5,fitness_proportionate_selection,2,0.7,hard,50,1.1235217959183872,98.0
5,fitness_proportionate_selection,2,0.8,easy,50,0.12382603999994898,100.0
5,fitness_proportionate_selection,2,0.8,hard,50,2.0004302340427222,94.0
5,fitness_proportionate_selection,3,0.01,easy,50,0.49710582978727,94.0
5,fitness_proportionate_selection,3,0.01,hard,50,1.4111755714285599,42.0
5,fitness_proportionate_selection,3,0.05,easy,50,0.2141267083331968,96.0
5,fitness_proportionate_selection,3,0.05,hard,50,1.4401774871796824,78.0
5,fitness_proportionate_selection,3,0.1,easy,50,0.1521756800001458,100.0
5,fitness_proportionate_selection,3,0.1,hard,50,0.8544693617020923,94.0
5,fitness_proportionate_selection,3,0.2,easy,50,0.0957293061223472,98.0
5,fitness_proportionate_selection,3,0.2,hard,50,0.5280378958333737,96.0
5,fitness_proportionate_selection,3,0.3,easy,50,0.053059460000076795,100.0
5,fitness_proportionate_selection,3,0.3,hard,50,0.42796199999993406,100.0
5,fitness_proportionate_selection,3,0.4,easy,50,0.05894774000000325,100.0
5,fitness_proportionate_selection,3,0.4,hard,50,0.4495606399998724,100.0
5,fitness_proportionate_selection,3,0.5,easy,50,0.06548106000002007,100.0
5,fitness_proportionate_selection,3,0.5,hard,50,0.40432740816330043,98.0
5,fitness_proportionate_selection,3,0.6,easy,50,0.05877219999998488,100.0
5,fitness_proportionate_selection,3,0.6,hard,50,0.458653645833427,96.0
5,fitness_proportionate_selection,3,0.7,easy,50,0.07662101999994775,100.0
5,fitness_proportionate_selection,3,0.7,hard,50,0.5097301041666166,96.0
5,fitness_proportionate_selection,3,0.8,easy,50,0.0752896999999939,100.0
5,fitness_proportionate_selection,3,0.8,hard,50,0.729042714285762,98.0
5,simple_sort,1,0.01,easy,50,0.22883428571414177,70.0
5,simple_sort,1,0.01,hard,50,0.7539784999994481,8.0
5,simple_sort,1,0.05,easy,50,0.19869653333326925,90.0
5,simple_sort,1,0.05,hard,50,0.9520208499998262,40.0
5,simple_sort,1,0.1,easy,50,0.09420844444442385,90.0
5,simple_sort,1,0.1,hard,50,0.8310291111111433,72.0
5,simple_sort,1,0.2,easy,50,0.05857372000002215,100.0
5,simple_sort,1,0.2,hard,50,0.43474582978710036,94.0
5,simple_sort,1,0.3,easy,50,0.049941895833285344,96.0
5,simple_sort,1,0.3,hard,50,0.21389644897940993,98.0
5,simple_sort,1,0.4,easy,50,0.04631945999990421,100.0
5,simple_sort,1,0.4,hard,50,0.2746128958333429,96.0
5,simple_sort,1,0.5,easy,50,0.041403560000071594,100.0
5,simple_sort,1,0.5,hard,50,0.3310237659574186,94.0
5,simple_sort,1,0.6,easy,50,0.06683512244916881,98.0
5,simple_sort,1,0.6,hard,50,0.47654772916670635,96.0
5,simple_sort,1,0.7,easy,50,0.05565043999991758,100.0
5,simple_sort,1,0.7,hard,50,0.9200433333332209,96.0
5,simple_sort,1,0.8,easy,50,0.11693473469379996,98.0
5,simple_sort,1,0.8,hard,50,1.3955101463414883,82.0
5,simple_sort,2,0.01,easy,50,0.6369562352938374,34.0
5,simple_sort,2,0.01,hard,50,0.7457001428571987,14.000000000000002
5,simple_sort,2,0.05,easy,50,0.3087551627906028,86.0
5,simple_sort,2,0.05,hard,50,1.0832221764702648,34.0
5,simple_sort,2,0.1,easy,50,0.18561870212772888,94.0
5,simple_sort,2,0.1,hard,50,0.9768591111110759,72.0
5,simple_sort,2,0.2,easy,50,0.08345410204069316,98.0
5,simple_sort,2,0.2,hard,50,1.3045523249998496,80.0
5,simple_sort,2,0.3,easy,50,0.038274571428478434,98.0
5,simple_sort,2,0.3,hard,50,0.35516168749988236,96.0
5,simple_sort,2,0.4,easy,50,0.05180629166655611,96.0
5,simple_sort,2,0.4,hard,50,0.23175871999992523,100.0
5,simple_sort,2,0.5,easy,50,0.035896820000089064,100.0
5,simple_sort,2,0.5,hard,50,0.165108812499966,96.0
5,simple_sort,2,0.6,easy,50,0.023395739999868964,100.0
5,simple_sort,2,0.6,hard,50,0.15653516326528916,98.0
5,simple_sort,2,0.7,easy,50,0.03375051999995776,100.0
5,simple_sort,2,0.7,hard,50,0.17924470000001747,100.0
5,simple_sort,2,0.8,easy,50,0.03519302000000607,100.0
5,simple_sort,2,0.8,hard,50,0.17237999999986187,96.0
5,simple_sort,3,0.01,easy,50,0.09745324999994409,8.0
5,simple_sort,3,0.01,hard,50,1.7052509999994072,2.0
5,simple_sort,3,0.05,easy,50,0.31707671428570655,84.0
5,simple_sort,3,0.05,hard,50,1.2543082105262569,38.0
5,simple_sort,3,0.1,easy,50,0.21348376086976,92.0
5,simple_sort,3,0.1,hard,50,0.793572848484914,66.0
5,simple_sort,3,0.2,easy,50,0.16977093181830324,88.0
5,simple_sort,3,0.2,hard,50,1.1324498823528568,68.0
5,simple_sort,3,0.3,easy,50,0.052453122448965515,98.0
5,simple_sort,3,0.3,hard,50,1.3307837777777725,72.0
5,simple_sort,3,0.4,easy,50,0.03656493999991653,100.0
5,simple_sort,3,0.4,hard,50,0.49003363829781826,94.0
5,simple_sort,3,0.5,easy,50,0.02705395833337813,96.0
5,simple_sort,3,0.5,hard,50,0.30970295744675164,94.0
5,simple_sort,3,0.6,easy,50,0.05274340816322365,98.0
5,simple_sort,3,0.6,hard,50,0.29187704166686973,96.0
5,simple_sort,3,0.7,easy,50,0.0498173673470087,98.0
5,simple_sort,3,0.7,hard,50,0.18022539999990841,100.0
5,simple_sort,3,0.8,easy,50,0.021561839999994847,100.0
5,simple_sort,3,0.8,hard,50,0.11322243999984494,100.0
6,fitness_proportionate_selection,1,0.01,easy,50,0.49372619999983725,100.0
6,fitness_proportionate_selection,1,0.01,hard,50,1.1487117619048408,84.0
6,fitness_proportionate_selection,1,0.05,easy,50,0.18203501999989385,100.0
6,fitness_proportionate_selection,1,0.05,hard,50,1.1119164693878256,98.0
6,fitness_proportionate_selection,1,0.1,easy,50,0.11847918000017671,100.0
6,fitness_proportionate_selection,1,0.1,hard,50,0.7851734800000122,100.0
6,fitness_proportionate_selection,1,0.2,easy,50,0.10192895999996836,100.0
6,fitness_proportionate_selection,1,0.2,hard,50,0.5859785999999076,100.0
6,fitness_proportionate_selection,1,0.3,easy,50,0.11556013999997958,100.0
6,fitness_proportionate_selection,1,0.3,hard,50,0.8677154800001518,100.0
6,fitness_proportionate_selection,1,0.4,easy,50,0.11004284000009648,100.0
6,fitness_proportionate_selection,1,0.4,hard,50,0.9867049000001135,100.0
6,fitness_proportionate_selection,1,0.5,easy,50,0.12415008000007219,100.0
6,fitness_proportionate_selection,1,0.5,hard,50,1.8258568775511645,98.0
6,fitness_proportionate_selection,1,0.6,easy,50,0.29142274000005275,100.0
6,fitness_proportionate_selection,1,0.6,hard,50,3.148574191489388,94.0
6,fitness_proportionate_selection,1,0.7,easy,50,0.27874114000005645,100.0
6,fitness_proportionate_selection,1,0.7,hard,50,4.3182194782608825,92.0
6,fitness_proportionate_selection,1,0.8,easy,50,0.3162788,100.0
6,fitness_proportionate_selection,1,0.8,hard,50,6.227712941176886,68.0
6,fitness_proportionate_selection,2,0.01,easy,50,0.6086107799999445,100.0
6,fitness_proportionate_selection,2,0.01,hard,50,1.9426905666667154,60.0
6,fitness_proportionate_selection,2,0.05,easy,50,0.1295764400000917,100.0
6,fitness_proportionate_selection,2,0.05,hard,50,2.3745867826086315,92.0
6,fitness_proportionate_selection,2,0.1,easy,50,0.12105003999982727,100.0
6,fitness_proportionate_selection,2,0.1,hard,50,1.0567414799999824,100.0
6,fitness_proportionate_selection,2,0.2,easy,50,0.10361052000022028,100.0
6,fitness_proportionate_selection,2,0.2,hard,50,0.585826339999985,100.0
6,fitness_proportionate_selection,2,0.3,easy,50,0.05687402000032307,100.0
6,fitness_proportionate_selection,2,0.3,hard,50,0.28091840000000956,100.0
6,fitness_proportionate_selection,2,0.4,easy,50,0.07266289999970468,100.0
6,fitness_proportionate_selection,2,0.4,hard,50,0.38380673999970893,100.0
6,fitness_proportionate_selection,2,0.5,easy,50,0.05364700000027369,100.0
6,fitness_proportionate_selection,2,0.5,hard,50,0.544159860000218,100.0
6,fitness_proportionate_selection,2,0.6,easy,50,0.09127607999951579,100.0
6,fitness_proportionate_selection,2,0.6,hard,50,0.8223099800000636,100.0
6,fitness_proportionate_selection,2,0.7,easy,50,0.10132831999988412,100.0
6,fitness_proportionate_selection,2,0.7,hard,50,1.2176173999998718,100.0
6,fitness_proportionate_selection,2,0.8,easy,50,0.12833065999991958,100.0
6,fitness_proportionate_selection,2,0.8,hard,50,1.7035627800001385,100.0
6,fitness_proportionate_selection,3,0.01,easy,50,0.4904245400000218,100.0
6,fitness_proportionate_selection,3,0.01,hard,50,2.429808161290097,62.0
6,fitness_proportionate_selection,3,0.05,easy,50,0.22674465306134114,98.0
6,fitness_proportionate_selection,3,0.05,hard,50,1.5628469777776142,90.0
6,fitness_proportionate_selection,3,0.1,easy,50,0.10122625999996672,100.0
6,fitness_proportionate_selection,3,0.1,hard,50,1.6371109799999248,100.0
6,fitness_proportionate_selection,3,0.2,easy,50,0.0783480999997846,100.0
6,fitness_proportionate_selection,3,0.2,hard,50,0.5394822600001499,100.0
6,fitness_proportionate_selection,3,0.3,easy,50,0.06667027999988932,100.0
6,fitness_proportionate_selection,3,0.3,hard,50,0.44714751999999863,100.0
6,fitness_proportionate_selection,3,0.4,easy,50,0.0656656200002908,100.0
6,fitness_proportionate_selection,3,0.4,hard,50,0.37435225999957766,100.0
6,fitness_proportionate_selection,3,0.5,easy,50,0.0478951799999777,100.0
6,fitness_proportionate_selection,3,0.5,hard,50,0.394523540000082,100.0
6,fitness_proportionate_selection,3,0.6,easy,50,0.054077419999885024,100.0
6,fitness_proportionate_selection,3,0.6,hard,50,0.3954598599999736,100.0
6,fitness_proportionate_selection,3,0.7,easy,50,0.06794284000010521,100.0
6,fitness_proportionate_selection,3,0.7,hard,50,0.4343553599998995,100.0
6,fitness_proportionate_selection,3,0.8,easy,50,0.07941837999940617,100.0
6,fitness_proportionate_selection,3,0.8,hard,50,0.7587116600000445,100.0
6,simple_sort,1,0.01,easy,50,0.33544605882365003,68.0
6,simple_sort,1,0.01,hard,50,0.4207258333329567,36.0
6,simple_sort,1,0.05,easy,50,0.16664439130450456,92.0
6,simple_sort,1,0.05,hard,50,0.9241774800005078,50.0
6,simple_sort,1,0.1,easy,50,0.08319869999992079,100.0
6,simple_sort,1,0.1,hard,50,1.0842617435895916,78.0
6,simple_sort,1,0.2,easy,50,0.06684452000008605,100.0
6,simple_sort,1,0.2,hard,50,0.7055388999998832,100.0
6,simple_sort,1,0.3,easy,50,0.04679420000007667,100.0
6,simple_sort,1,0.3,hard,50,0.45392480000016805,100.0
6,simple_sort,1,0.4,easy,50,0.04558153999991191,100.0
6,simple_sort,1,0.4,hard,50,0.23796483673474855,98.0
6,simple_sort,1,0.5,easy,50,0.057924740000162275,100.0
6,simple_sort,1,0.5,hard,50,0.2733546799999749,100.0
6,simple_sort,1,0.6,easy,50,0.0573261600000842,100.0
6,simple_sort,1,0.6,hard,50,0.7283251632651794,98.0
6,simple_sort,1,0.7,easy,50,0.09179371428570225,98.0
6,simple_sort,1,0.7,hard,50,1.0600563999999577,100.0
6,simple_sort,1,0.8,easy,50,0.14058628000006138,100.0
6,simple_sort,1,0.8,hard,50,2.8015673541666124,96.0
6,simple_sort,2,0.01,easy,50,0.6520000000001736,56.00000000000001
6,simple_sort,2,0.01,hard,50,0.6229487500004325,16.0
6,simple_sort,2,0.05,easy,50,0.21638681249957395,96.0
6,simple_sort,2,0.05,hard,50,1.0429339687501624,64.0
6,simple_sort,2,0.1,easy,50,0.15037710204074867,98.0
6,simple_sort,2,0.1,hard,50,1.2317705833334003,48.0
6,simple_sort,2,0.2,easy,50,0.041577740000066116,100.0
6,simple_sort,2,0.2,hard,50,1.4305658695654488,92.0
6,simple_sort,2,0.3,easy,50,0.049223799999963375,100.0
6,simple_sort,2,0.3,hard,50,0.988945816326438,98.0
6,simple_sort,2,0.4,easy,50,0.0283452600002056,100.0
6,simple_sort,2,0.4,hard,50,0.3192406199996913,100.0
6,simple_sort,2,0.5,easy,50,0.03107820000019274,100.0
6,simple_sort,2,0.5,hard,50,0.22402262000032352,100.0
6,simple_sort,2,0.6,easy,50,0.02858572000011918,100.0
6,simple_sort,2,0.6,hard,50,0.16782793999969725,100.0
6,simple_sort,2,0.7,easy,50,0.03162127999989025,100.0
6,simple_sort,2,0.7,hard,50,0.20189105999976165,100.0
6,simple_sort,2,0.8,easy,50,0.04728030000034778,100.0
6,simple_sort,2,0.8,hard,50,0.20384084000019356,100.0
6,simple_sort,3,0.01,easy,50,0.6590489629626164,54.0
6,simple_sort,3,0.01,hard,50,0.5764127272734847,22.0
6,simple_sort,3,0.05,easy,50,0.580062953487995,86.0
6,simple_sort,3,0.05,hard,50,1.0622858823533212,68.0
6,simple_sort,3,0.1,easy,50,0.14081994000007397,100.0
6,simple_sort,3,0.1,hard,50,0.7105005999999412,50.0
6,simple_sort,3,0.2,easy,50,0.06281761224484084,98.0
6,simple_sort,3,0.2,hard,50,1.6445396176473235,68.0
6,simple_sort,3,0.3,easy,50,0.041339900000020864,100.0
6,simple_sort,3,0.3,hard,50,0.9885683799999242,100.0
6,simple_sort,3,0.4,easy,50,0.037194740000049936,100.0
6,simple_sort,3,0.4,hard,50,0.5336453469384911,98.0
6,simple_sort,3,0.5,easy,50,0.030173959999956423,100.0
6,simple_sort,3,0.5,hard,50,0.33240961224465554,98.0
6,simple_sort,3,0.6,easy,50,0.031234100000292527,100.0
6,simple_sort,3,0.6,hard,50,0.2771041199994943,100.0
6,simple_sort,3,0.7,easy,50,0.02360326530596263,98.0
6,simple_sort,3,0.7,hard,50,0.13500124000005598,100.0
6,simple_sort,3,0.8,easy,50,0.030612200000032317,100.0
6,simple_sort,3,0.8,hard,50,0.1709565399998246,100.0
7,fitness_proportionate_selection,1,0.01,easy,50,0.49358190000013563,100.0
7,fitness_proportionate_selection,1,0.01,hard,50,2.554893461538319,78.0
7,fitness_proportionate_selection,1,0.05,easy,50,0.20892432000022382,100.0
7,fitness_proportionate_selection,1,0.05,hard,50,3.2679947551024475,98.0
7,fitness_proportionate_selection,1,0.1,easy,50,0.1117779200001678,100.0
7,fitness_proportionate_selection,1,0.1,hard,50,1.121284580000065,100.0
7,fitness_proportionate_selection,1,0.2,easy,50,0.11541005999970366,100.0
7,fitness_proportionate_selection,1,0.2,hard,50,0.5969676600001549,100.0
7,fitness_proportionate_selection,1,0.3,easy,50,0.13329962000003434,100.0
7,fitness_proportionate_selection,1,0.3,hard,50,0.5387439800001448,100.0
7,fitness_proportionate_selection,1,0.4,easy,50,0.10430596000020159,100.0
7,fitness_proportionate_selection,1,0.4,hard,50,1.813352000000232,100.0
7,fitness_proportionate_selection,1,0.5,easy,50,0.12213496000025771,100.0
7,fitness_proportionate_selection,1,0.5,hard,50,2.4563095600000815,100.0
7,fitness_proportionate_selection,1,0.6,easy,50,0.20194403999987118,100.0
7,fitness_proportionate_selection,1,0.6,hard,50,3.710302319999901,100.0
7,fitness_proportionate_selection,1,0.7,easy,50,0.21460193999992044,100.0
7,fitness_proportionate_selection,1,0.7,hard,50,5.257074500000033,76.0
7,fitness_proportionate_selection,1,0.8,easy,50,0.3422496799998044,100.0
7,fitness_proportionate_selection,1,0.8,hard,50,5.329888416666815,72.0
7,fitness_proportionate_selection,2,0.01,easy,50,0.5329931200001738,100.0
7,fitness_proportionate_selection,2,0.01,hard,50,2.4659600434782116,46.0
7,fitness_proportionate_selection,2,0.05,easy,50,0.20390090000037162,100.0
7,fitness_proportionate_selection,2,0.05,hard,50,3.0035727826085035,92.0
7,fitness_proportionate_selection,2,0.1,easy,50,0.11557679999998072,100.0
7,fitness_proportionate_selection,2,0.1,hard,50,1.0658655800003907,100.0
7,fitness_proportionate_selection,2,0.2,easy,50,0.07873411999978998,100.0
7,fitness_proportionate_selection,2,0.2,hard,50,0.4880583000001934,100.0
7,fitness_proportionate_selection,2,0.3,easy,50,0.05825109999990673,100.0
7,fitness_proportionate_selection,2,0.3,hard,50,0.3480815800001437,100.0
7,fitness_proportionate_selection,2,0.4,easy,50,0.07649581999969086,100.0
7,fitness_proportionate_selection,2,0.4,hard,50,0.38182893999946826,100.0
7,fitness_proportionate_selection,2,0.5,easy,50,0.07791393999963475,100.0
7,fitness_proportionate_selection,2,0.5,hard,50,0.3961669799998344,100.0
7,fitness_proportionate_selection,2,0.6,easy,50,0.08051225999995949,100.0
7,fitness_proportionate_selection,2,0.6,hard,50,0.6304060800001026,100.0
7,fitness_proportionate_selection,2,0.7,easy,50,0.12542086000008568,100.0
7,fitness_proportionate_selection,2,0.7,hard,50,1.3011229400003503,100.0
7,fitness_proportionate_selection,2,0.8,easy,50,0.10047469999997702,100.0
7,fitness_proportionate_selection,2,0.8,hard,50,2.4690250800002103,100.0
7,fitness_proportionate_selection,3,0.01,easy,50,0.4865914600001997,100.0
7,fitness_proportionate_selection,3,0.01,hard,50,2.8835915238090646,42.0
7,fitness_proportionate_selection,3,0.05,easy,50,0.19558582000005117,100.0
7,fitness_proportionate_selection,3,0.05,hard,50,3.765766857142845,98.0
7,fitness_proportionate_selection,3,0.1,easy,50,0.1319573799998034,100.0
7,fitness_proportionate_selection,3,0.1,hard,50,1.9704797000002872,100.0
7,fitness_proportionate_selection,3,0.2,easy,50,0.07226231999993615,100.0
7,fitness_proportionate_selection,3,0.2,hard,50,0.4943000000000029,100.0
7,fitness_proportionate_selection,3,0.3,easy,50,0.04474447999986296,100.0
7,fitness_proportionate_selection,3,0.3,hard,50,0.32015217999993184,100.0
7,fitness_proportionate_selection,3,0.4,easy,50,0.05586222000005364,100.0
7,fitness_proportionate_selection,3,0.4,hard,50,0.3194589999994787,100.0
7,fitness_proportionate_selection,3,0.5,easy,50,0.051789200000202984,100.0
7,fitness_proportionate_selection,3,0.5,hard,50,0.2606281999999919,100.0
7,fitness_proportionate_selection,3,0.6,easy,50,0.05168651999985741,100.0
7,fitness_proportionate_selection,3,0.6,hard,50,0.2633482400000503,100.0
7,fitness_proportionate_selection,3,0.7,easy,50,0.058203620000422236,100.0
7,fitness_proportionate_selection,3,0.7,hard,50,0.4567434200002026,100.0
7,fitness_proportionate_selection,3,0.8,easy,50,0.0804861400003574,100.0
7,fitness_proportionate_selection,3,0.8,hard,50,0.5656629399999656,100.0
7,fitness_proportionate_selection,4,0.01,easy,50,0.35064234000019495,100.0
7,fitness_proportionate_selection,4,0.01,hard,50,2.4694836764705115,68.0
7,fitness_proportionate_selection,4,0.05,easy,50,0.36176697999995666,100.0
7,fitness_proportionate_selection,4,0.05,hard,50,3.513550820513326,78.0
7,fitness_proportionate_selection,4,0.1,easy,50,0.1131467200001498,100.0
7,fitness_proportionate_selection,4,0.1,hard,50,1.3616047000005347,100.0
7,fitness_proportionate_selection,4,0.2,easy,50,0.08743399999999384,100.0
7,fitness_proportionate_selection,4,0.2,hard,50,0.8457884400001058,100.0
7,fitness_proportionate_selection,4,0.3,easy,50,0.05060794000004534,100.0
7,fitness_proportionate_selection,4,0.3,hard,50,0.42470270000005256,100.0
7,fitness_proportionate_selection,4,0.4,easy,50,0.05157618000012008,100.0
7,fitness_proportionate_selection,4,0.4,hard,50,0.2658500799998728,100.0
7,fitness_proportionate_selection,4,0.5,easy,50,0.037551519999760787,100.0
7,fitness_proportionate_selection,4,0.5,hard,50,0.29772217999998246,100.0
7,fitness_proportionate_selection,4,0.6,easy,50,0.041843160000353236,100.0
7,fitness_proportionate_selection,4,0.6,hard,50,0.35847876000028916,100.0
7,fitness_proportionate_selection,4,0.7,easy,50,0.07295022000027529,100.0
7,fitness_proportionate_selection,4,0.7,hard,50,0.31558654000000386,100.0
7,fitness_proportionate_selection,4,0.8,easy,50,0.06031633999948099,100.0
7,fitness_proportionate_selection,4,0.8,hard,50,0.4424373799999012,100.0
7,simple_sort,1,0.01,easy,50,0.48601891891873517,74.0
7,simple_sort,1,0.01,hard,50,1.21252914285755,14.000000000000002
7,simple_sort,1,0.05,easy,50,0.2353307199997653,100.0
7,simple_sort,1,0.05,hard,50,1.0725283333329705,54.0
7,simple_sort,1,0.1,easy,50,0.07540399999998045,100.0
7,simple_sort,1,0.1,hard,50,1.0464052702701412,74.0
7,simple_sort,1,0.2,easy,50,0.05659123999997973,100.0
7,simple_sort,1,0.2,hard,50,1.182012795918275,98.0
7,simple_sort,1,0.3,easy,50,0.04516887999976461,100.0
7,simple_sort,1,0.3,hard,50,0.29657884000014745,100.0
7,simple_sort,1,0.4,easy,50,0.03738973999999871,100.0
7,simple_sort,1,0.4,hard,50,0.24747939999986557,100.0
7,simple_sort,1,0.5,easy,50,0.05413165999962075,100.0
7,simple_sort,1,0.5,hard,50,0.40786714000008945,100.0
7,simple_sort,1,0.6,easy,50,0.07844222000006994,100.0
7,simple_sort,1,0.6,hard,50,0.7931579199995759,100.0
7,simple_sort,1,0.7,easy,50,0.10543934000023,100.0
7,simple_sort,1,0.7,hard,50,1.4964855200003513,100.0
7,simple_sort,1,0.8,easy,50,0.16633914000005462,100.0
7,simple_sort,1,0.8,hard,50,3.414747108695693,92.0
7,simple_sort,2,0.01,easy,50,0.605717102563899,78.0
7,simple_sort,2,0.01,hard,50,0.6909534999999778,32.0
7,simple_sort,2,0.05,easy,50,0.24991151063798672,94.0
7,simple_sort,2,0.05,hard,50,2.3653812941175762,68.0
7,simple_sort,2,0.1,easy,50,0.12921685999986948,100.0
7,simple_sort,2,0.1,hard,50,3.252581130435156,46.0
7,simple_sort,2,0.2,easy,50,0.04421560000009776,100.0
7,simple_sort,2,0.2,hard,50,2.201705659091121,88.0
7,simple_sort,2,0.3,easy,50,0.05684889999974985,100.0
7,simple_sort,2,0.3,hard,50,1.1425199600003544,100.0
7,simple_sort,2,0.4,easy,50,0.04525890000011714,100.0
7,simple_sort,2,0.4,hard,50,0.34274741999986874,100.0
7,simple_sort,2,0.5,easy,50,0.03306996000021172,100.0
7,simple_sort,2,0.5,hard,50,0.20671668000031787,100.0
7,simple_sort,2,0.6,easy,50,0.031284180000075136,100.0
7,simple_sort,2,0.6,hard,50,0.1568384600000718,100.0
7,simple_sort,2,0.7,easy,50,0.03285116000020935,100.0
7,simple_sort,2,0.7,hard,50,0.21678628000016034,100.0
7,simple_sort,2,0.8,easy,50,0.05479172000006656,100.0
7,simple_sort,2,0.8,hard,50,0.2757816600003571,100.0
7,simple_sort,3,0.01,easy,50,0.9293676428572196,56.00000000000001
7,simple_sort,3,0.01,hard,50,0.6128509285710086,28.000000000000004
7,simple_sort,3,0.05,easy,50,0.6930270800001744,100.0
7,simple_sort,3,0.05,hard,50,2.1621878636362286,44.0
7,simple_sort,3,0.1,easy,50,0.13780806122437697,98.0
7,simple_sort,3,0.1,hard,50,1.061340947368176,76.0
7,simple_sort,3,0.2,easy,50,0.06225091999978758,100.0
7,simple_sort,3,0.2,hard,50,0.997306380952328,84.0
7,simple_sort,3,0.3,easy,50,0.06100592000002507,100.0
7,simple_sort,3,0.3,hard,50,1.1144895531911931,94.0
7,simple_sort,3,0.4,easy,50,0.03956685999954061,100.0
7,simple_sort,3,0.4,hard,50,0.723249060000162,100.0
7,simple_sort,3,0.5,easy,50,0.031022159999920404,100.0
7,simple_sort,3,0.5,hard,50,0.2780245399999694,100.0
7,simple_sort,3,0.6,easy,50,0.030101340000037453,100.0
7,simple_sort,3,0.6,hard,50,0.2637479800001165,100.0
7,simple_sort,3,0.7,easy,50,0.02321989999982179,100.0
7,simple_sort,3,0.7,hard,50,0.13914994000006117,100.0
7,simple_sort,3,0.8,easy,50,0.028471459999927902,100.0
7,simple_sort,3,0.8,hard,50,0.17407006000030378,100.0
7,simple_sort,4,0.01,easy,50,0.4934075000003629,56.00000000000001
7,simple_sort,4,0.01,hard,50,0.29330842857208544,28.000000000000004
7,simple_sort,4,0.05,easy,50,0.6935511249997338,96.0
7,simple_sort,4,0.05,hard,50,2.0717674848485994,66.0
7,simple_sort,4,0.1,easy,50,0.3298196999997163,100.0
7,simple_sort,4,0.1,hard,50,1.5875654137933704,57.99999999999999
7,simple_sort,4,0.2,easy,50,0.07178581999993185,100.0
7,simple_sort,4,0.2,hard,50,1.5338334193544259,62.0
7,simple_sort,4,0.3,easy,50,0.051966244898387824,98.0
7,simple_sort,4,0.3,hard,50,0.6517083777776861,90.0
7,simple_sort,4,0.4,easy,50,0.037635319999826604,100.0
7,simple_sort,4,0.4,hard,50,3.1567798297870238,94.0
7,simple_sort,4,0.5,easy,50,0.02898840816339302,98.0
7,simple_sort,4,0.5,hard,50,0.4397003199997562,100.0
7,simple_sort,4,0.6,easy,50,0.029993199999953504,100.0
7,simple_sort,4,0.6,hard,50,0.6597831600000791,100.0
7,simple_sort,4,0.7,easy,50,0.024905959999741753,100.0
7,simple_sort,4,0.7,hard,50,0.26318598000005294,100.0
7,simple_sort,4,0.8,easy,50,0.01782313999981852,100.0
7,simple_sort,4,0.8,hard,50,0.17237851999983833,100.0
8,fitness_proportionate_selection,1,0.01,easy,50,0.520628540000107,100.0
8,fitness_proportionate_selection,1,0.01,hard,50,2.3470481627907227,86.0
8,fitness_proportionate_selection,1,0.05,easy,50,0.23765922000013234,100.0
8,fitness_proportionate_selection,1,0.05,hard,50,2.570248022222788,90.0
8,fitness_proportionate_selection,1,0.1,easy,50,0.2508007599999837,100.0
8,fitness_proportionate_selection,1,0.1,hard,50,1.403005699999776,100.0
8,fitness_proportionate_selection,1,0.2,easy,50,0.09061541999995824,100.0
8,fitness_proportionate_selection,1,0.2,hard,50,0.6993924200000765,100.0
8,fitness_proportionate_selection,1,0.3,easy,50,0.12277052000041294,100.0
8,fitness_proportionate_selection,1,0.3,hard,50,0.8206743199996709,100.0
8,fitness_proportionate_selection,1,0.4,easy,50,0.17455657999991672,100.0
8,fitness_proportionate_selection,1,0.4,hard,50,1.6551998400000594,100.0
8,fitness_proportionate_selection,1,0.5,easy,50,0.21132492000040656,100.0
8,fitness_proportionate_selection,1,0.5,hard,50,3.0291255918366042,98.0
8,fitness_proportionate_selection,1,0.6,easy,50,0.2466398199998366,100.0
8,fitness_proportionate_selection,1,0.6,hard,50,5.897605021276367,94.0
8,fitness_proportionate_selection,1,0.7,easy,50,0.37214134000059856,100.0
8,fitness_proportionate_selection,1,0.7,hard,50,6.944310952381004,84.0
8,fitness_proportionate_selection,1,0.8,easy,50,0.4310039200000028,100.0
8,fitness_proportionate_selection,1,0.8,hard,50,6.045427055555289,72.0
8,fitness_proportionate_selection,2,0.01,easy,50,0.7080520000006072,100.0
8,fitness_proportionate_selection,2,0.01,hard,50,2.6382422380950934,84.0
8,fitness_proportionate_selection,2,0.05,easy,50,0.2300644800002192,100.0
8,fitness_proportionate_selection,2,0.05,hard,50,2.4877819487174304,78.0
8,fitness_proportionate_selection,2,0.1,easy,50,0.10538521999995282,100.0
8,fitness_proportionate_selection,2,0.1,hard,50,2.117907479999994,100.0
8,fitness_proportionate_selection,2,0.2,easy,50,0.07966756000023452,100.0
8,fitness_proportionate_selection,2,0.2,hard,50,0.5825344400000904,100.0
8,fitness_proportionate_selection,2,0.3,easy,50,0.08975963999982924,100.0
8,fitness_proportionate_selection,2,0.3,hard,50,0.39979956000039235,100.0
8,fitness_proportionate_selection,2,0.4,easy,50,0.08634256000004825,100.0
8,fitness_proportionate_selection,2,0.4,hard,50,0.5148975399998744,100.0
8,fitness_proportionate_selection,2,0.5,easy,50,0.08459920000008424,100.0
8,fitness_proportionate_selection,2,0.5,hard,50,0.4548410799998965,100.0
8,fitness_proportionate_selection,2,0.6,easy,50,0.11014408000002732,100.0
8,fitness_proportionate_selection,2,0.6,hard,50,1.0279083199999877,100.0
8,fitness_proportionate_selection,2,0.7,easy,50,0.11913096000011138,100.0
8,fitness_proportionate_selection,2,0.7,hard,50,1.2334567600001174,100.0
8,fitness_proportionate_selection,2,0.8,easy,50,0.14086744000029283,100.0
8,fitness_proportionate_selection,2,0.8,hard,50,2.768135059999622,100.0
8,fitness_proportionate_selection,3,0.01,easy,50,0.7149772800001665,100.0
8,fitness_proportionate_selection,3,0.01,hard,50,4.440678842104669,76.0
8,fitness_proportionate_selection,3,0.05,easy,50,0.4307343399999081,100.0
8,fitness_proportionate_selection,3,0.05,hard,50,1.3153769555561465,90.0
8,fitness_proportionate_selection,3,0.1,easy,50,0.12635943999979646,100.0
8,fitness_proportionate_selection,3,0.1,hard,50,3.7239803400008533,100.0
8,fitness_proportionate_selection,3,0.2,easy,50,0.14867020000019693,100.0
8,fitness_proportionate_selection,3,0.2,hard,50,1.3459963200001221,100.0
8,fitness_proportionate_selection,3,0.3,easy,50,0.0893156599997019,100.0
8,fitness_proportionate_selection,3,0.3,hard,50,0.5127284000000509,100.0
8,fitness_proportionate_selection,3,0.4,easy,50,0.06643384000082733,100.0
8,fitness_proportionate_selection,3,0.4,hard,50,0.3527263599995058,100.0
8,fitness_proportionate_selection,3,0.5,easy,50,0.056815000000206055,100.0
8,fitness_proportionate_selection,3,0.5,hard,50,0.41548474000024727,100.0
8,fitness_proportionate_selection,3,0.6,easy,50,0.060282420000294226,100.0
8,fitness_proportionate_selection,3,0.6,hard,50,0.3191254599996319,100.0
8,fitness_proportionate_selection,3,0.7,easy,50,0.0743322199996328,100.0
8,fitness_proportionate_selection,3,0.7,hard,50,0.5079174599994439,100.0
8,fitness_proportionate_selection,3,0.8,easy,50,0.05789834000053815,100.0
8,fitness_proportionate_selection,3,0.8,hard,50,0.8157511199990404,100.0
8,fitness_proportionate_selection,4,0.01,easy,50,0.5581127400005061,100.0
8,fitness_proportionate_selection,4,0.01,hard,50,2.7496799705883914,68.0
8,fitness_proportionate_selection,4,0.05,easy,50,0.15855935999992654,100.0
8,fitness_proportionate_selection,4,0.05,hard,50,2.917897733333262,90.0
8,fitness_proportionate_selection,4,0.1,easy,50,0.11211431999981869,100.0
8,fitness_proportionate_selection,4,0.1,hard,50,2.6742328163267564,98.0
8,fitness_proportionate_selection,4,0.2,easy,50,0.11664552000002004,100.0
8,fitness_proportionate_selection,4,0.2,hard,50,0.8848049599998922,100.0
8,fitness_proportionate_selection,4,0.3,easy,50,0.07994002000021283,100.0
8,fitness_proportionate_selection,4,0.3,hard,50,0.6587188800002332,100.0
8,fitness_proportionate_selection,4,0.4,easy,50,0.05308672000071965,100.0
8,fitness_proportionate_selection,4,0.4,hard,50,0.3541698799998267,100.0
8,fitness_proportionate_selection,4,0.5,easy,50,0.047184419999830425,100.0
8,fitness_proportionate_selection,4,0.5,hard,50,0.22433702000009362,100.0
8,fitness_proportionate_selection,4,0.6,easy,50,0.06378330000021379,100.0
8,fitness_proportionate_selection,4,0.6,hard,50,0.3708589400004712,100.0
8,fitness_proportionate_selection,4,0.7,easy,50,0.0423681200001738,100.0
8,fitness_proportionate_selection,4,0.7,hard,50,0.2941297000000486,100.0
8,fitness_proportionate_selection,4,0.8,easy,50,0.07203913999939687,100.0
8,fitness_proportionate_selection,4,0.8,hard,50,0.39070668000000297,100.0
8,simple_sort,1,0.01,easy,50,0.7662458749993675,80.0
8,simple_sort,1,0.01,hard,50,0.7953017500021815,8.0
8,simple_sort,1,0.05,easy,50,0.14686197999995784,100.0
8,simple_sort,1,0.05,hard,50,1.6374804705868455,34.0
8,simple_sort,1,0.1,easy,50,0.1062862999997742,100.0
8,simple_sort,1,0.1,hard,50,1.7447685945953708,74.0
8,simple_sort,1,0.2,easy,50,0.07957344000024022,100.0
8,simple_sort,1,0.2,hard,50,1.4034335799999826,100.0
8,simple_sort,1,0.3,easy,50,0.048699139999371255,100.0
8,simple_sort,1,0.3,hard,50,0.3749629799998365,100.0
8,simple_sort,1,0.4,easy,50,0.040910199999052564,100.0
8,simple_sort,1,0.4,hard,50,0.45198425999944447,100.0
8,simple_sort,1,0.5,easy,50,0.05692611999984365,100.0
8,simple_sort,1,0.5,hard,50,0.48304426000089734,100.0
8,simple_sort,1,0.6,easy,50,0.08695176000008359,100.0
8,simple_sort,1,0.6,hard,50,1.3187200199993094,100.0
8,simple_sort,1,0.7,easy,50,0.11704408000077819,100.0
8,simple_sort,1,0.7,hard,50,2.5577438749998387,96.0
8,simple_sort,1,0.8,easy,50,0.17887116000056266,100.0
8,simple_sort,1,0.8,hard,50,3.7799408000001375,90.0
8,simple_sort,2,0.01,easy,50,0.7918810344826539,57.99999999999999
8,simple_sort,2,0.01,hard,50,0.7792234615369055,26.0
8,simple_sort,2,0.05,easy,50,0.4450004400002945,100.0
8,simple_sort,2,0.05,hard,50,2.036914642857872,56.00000000000001
8,simple_sort,2,0.1,easy,50,0.08914108000011765,100.0
8,simple_sort,2,0.1,hard,50,1.2350327419354148,62.0
8,simple_sort,2,0.2,easy,50,0.05009492000026512,100.0
8,simple_sort,2,0.2,hard,50,2.3829983333329436,90.0
8,simple_sort,2,0.3,easy,50,0.03662268000014592,100.0
8,simple_sort,2,0.3,hard,50,1.0625969999996596,100.0
8,simple_sort,2,0.4,easy,50,0.12949871999953758,100.0
8,simple_sort,2,0.4,hard,50,0.5893589600008272,100.0
8,simple_sort,2,0.5,easy,50,0.03430882000000565,100.0
8,simple_sort,2,0.5,hard,50,0.38221625999940445,100.0
8,simple_sort,2,0.6,easy,50,0.04635351999982959,100.0
8,simple_sort,2,0.6,hard,50,0.18736999999950057,100.0
8,simple_sort,2,0.7,easy,50,0.03577789999981178,100.0
8,simple_sort,2,0.7,hard,50,0.26479208000018845,100.0
8,simple_sort,2,0.8,easy,50,0.06774824000007357,100.0
8,simple_sort,2,0.8,hard,50,0.35355103999958376,100.0
8,simple_sort,3,0.01,easy,50,1.4865286774194477,62.0
8,simple_sort,3,0.01,hard,50,0.9702355333327433,30.0
8,simple_sort,3,0.05,easy,50,0.46194447999994737,100.0
8,simple_sort,3,0.05,hard,50,2.6741705789467423,38.0
8,simple_sort,3,0.1,easy,50,0.1310769799994887,100.0
8,simple_sort,3,0.1,hard,50,1.115845800000534,60.0
8,simple_sort,3,0.2,easy,50,0.05537758000005852,100.0
8,simple_sort,3,0.2,hard,50,2.7326366666677333,72.0
8,simple_sort,3,0.3,easy,50,0.03355039999951259,100.0
8,simple_sort,3,0.3,hard,50,1.8638163111116026,90.0
8,simple_sort,3,0.4,easy,50,0.03583712000021478,100.0
8,simple_sort,3,0.4,hard,50,1.5512385799999173,100.0
8,simple_sort,3,0.5,easy,50,0.026879080000217073,100.0
8,simple_sort,3,0.5,hard,50,0.4244610600001761,100.0
8,simple_sort,3,0.6,easy,50,0.029453379999176833,100.0
8,simple_sort,3,0.6,hard,50,0.2111528599995654,100.0
8,simple_sort,3,0.7,easy,50,0.02234004000070854,100.0
8,simple_sort,3,0.7,hard,50,0.21197311999989324,100.0
8,simple_sort,3,0.8,easy,50,0.028818880000471836,100.0
8,simple_sort,3,0.8,hard,50,0.1685135799998534,100.0
8,simple_sort,4,0.01,easy,50,0.19555894285669118,70.0
8,simple_sort,4,0.01,hard,50,0.6305097499989643,8.0
8,simple_sort,4,0.05,easy,50,0.8077543469385555,98.0
8,simple_sort,4,0.05,hard,50,2.001961866667504,60.0
8,simple_sort,4,0.1,easy,50,0.1917085000006773,100.0
8,simple_sort,4,0.1,hard,50,0.6168882790694032,86.0
8,simple_sort,4,0.2,easy,50,0.0818220408167393,98.0
8,simple_sort,4,0.2,hard,50,3.2682335757578556,66.0
8,simple_sort,4,0.3,easy,50,0.04528328000029433,100.0
8,simple_sort,4,0.3,hard,50,1.8833350697669355,86.0
8,simple_sort,4,0.4,easy,50,0.027216280000429832,100.0
8,simple_sort,4,0.4,hard,50,1.0750705208333784,96.0
8,simple_sort,4,0.5,easy,50,0.03119920000084676,100.0
8,simple_sort,4,0.5,hard,50,0.9331059199997981,100.0
8,simple_sort,4,0.6,easy,50,0.024250340000144206,100.0
8,simple_sort,4,0.6,hard,50,0.47677350000056323,100.0
8,simple_sort,4,0.7,easy,50,0.02703846000091289,100.0
8,simple_sort,4,0.7,hard,50,0.2758421999993152,100.0
8,simple_sort,4,0.8,easy,50,0.027708899999124695,100.0
8,simple_sort,4,0.8,hard,50,0.20625592000025791,100.0
9,fitness_proportionate_selection,1,0.01,easy,50,0.45215669999975944,100.0
9,fitness_proportionate_selection,1,0.01,hard,50,2.383898933334179,60.0
9,fitness_proportionate_selection,1,0.05,easy,50,0.18268162000138546,100.0
9,fitness_proportionate_selection,1,0.05,hard,50,1.5570396304346619,92.0
9,fitness_proportionate_selection,1,0.1,easy,50,0.11470075999968685,100.0
9,fitness_proportionate_selection,1,0.1,hard,50,0.9150282999998308,100.0
9,fitness_proportionate_selection,1,0.2,easy,50,0.09673396000027423,100.0
9,fitness_proportionate_selection,1,0.2,hard,50,0.7156938199994329,100.0
9,fitness_proportionate_selection,1,0.3,easy,50,0.09627096000011079,100.0
9,fitness_proportionate_selection,1,0.3,hard,50,0.6550449799998023,100.0
9,fitness_proportionate_selection,1,0.4,easy,50,0.1515254000008281,100.0
9,fitness_proportionate_selection,1,0.4,hard,50,1.3737751200002095,100.0
9,fitness_proportionate_selection,1,0.5,easy,50,0.13128952000086427,100.0
9,fitness_proportionate_selection,1,0.5,hard,50,2.670890079998935,100.0
9,fitness_proportionate_selection,1,0.6,easy,50,0.2690889400002197,100.0
9,fitness_proportionate_selection,1,0.6,hard,50,4.791636372092864,86.0
9,fitness_proportionate_selection,1,0.7,easy,50,0.39732446000009075,100.0
9,fitness_proportionate_selection,1,0.7,hard,50,7.241011974358862,78.0
9,fitness_proportionate_selection,1,0.8,easy,50,0.4983952999998291,100.0
9,fitness_proportionate_selection,1,0.8,hard,50,7.929714789472775,38.0
9,fitness_proportionate_selection,2,0.01,easy,50,0.8498931399997673,100.0
9,fitness_proportionate_selection,2,0.01,hard,50,2.2943231333330107,90.0
9,fitness_proportionate_selection,2,0.05,easy,50,0.33919693999996525,100.0
9,fitness_proportionate_selection,2,0.05,hard,50,4.763107589743763,78.0
9,fitness_proportionate_selection,2,0.1,easy,50,0.15286455999987084,100.0
9,fitness_proportionate_selection,2,0.1,hard,50,2.0828311224484386,98.0
9,fitness_proportionate_selection,2,0.2,easy,50,0.1044598799997766,100.0
9,fitness_proportionate_selection,2,0.2,hard,50,1.0498955200001365,100.0
9,fitness_proportionate_selection,2,0.3,easy,50,0.08791851999980281,100.0
9,fitness_proportionate_selection,2,0.3,hard,50,0.48732854000030784,100.0
9,fitness_proportionate_selection,2,0.4,easy,50,0.08284862000029534,100.0
9,fitness_proportionate_selection,2,0.4,hard,50,0.44585194000042977,100.0
9,fitness_proportionate_selection,2,0.5,easy,50,0.0929363000000012,100.0
9,fitness_proportionate_selection,2,0.5,hard,50,0.5879534799991234,100.0
9,fitness_proportionate_selection,2,0.6,easy,50,0.10163262000045506,100.0
9,fitness_proportionate_selection,2,0.6,hard,50,1.0128156000000308,100.0
9,fitness_proportionate_selection,2,0.7,easy,50,0.1669579800000065,100.0
9,fitness_proportionate_selection,2,0.7,hard,50,1.243656860000483,100.0
9,fitness_proportionate_selection,2,0.8,easy,50,0.14188764000020457,100.0
9,fitness_proportionate_selection,2,0.8,hard,50,2.8375271000002975,100.0
9,fitness_proportionate_selection,3,0.01,easy,50,1.2168398000001617,100.0
9,fitness_proportionate_selection,3,0.01,hard,50,2.8419924772723872,88.0
9,fitness_proportionate_selection,3,0.05,easy,50,0.15997654000020703,100.0
9,fitness_proportionate_selection,3,0.05,hard,50,1.2642125749995103,80.0
9,fitness_proportionate_selection,3,0.1,easy,50,0.1326135400000203,100.0
9,fitness_proportionate_selection,3,0.1,hard,50,3.4700712291669333,96.0
9,fitness_proportionate_selection,3,0.2,easy,50,0.06172964000012143,100.0
9,fitness_proportionate_selection,3,0.2,hard,50,0.6528972800003249,100.0
9,fitness_proportionate_selection,3,0.3,easy,50,0.05203843999945093,100.0
9,fitness_proportionate_selection,3,0.3,hard,50,0.47206456000043545,100.0
9,fitness_proportionate_selection,3,0.4,easy,50,0.05449490000013611,100.0
9,fitness_proportionate_selection,3,0.4,hard,50,0.3228128799996921,100.0
9,fitness_proportionate_selection,3,0.5,easy,50,0.04582503999961773,100.0
9,fitness_proportionate_selection,3,0.5,hard,50,0.2349890200003574,100.0
9,fitness_proportionate_selection,3,0.6,easy,50,0.05896326000016416,100.0
9,fitness_proportionate_selection,3,0.6,hard,50,0.35622065999996266,100.0
9,fitness_proportionate_selection,3,0.7,easy,50,0.06567889999962062,100.0
9,fitness_proportionate_selection,3,0.7,hard,50,0.37338955999992324,100.0
9,fitness_proportionate_selection,3,0.8,easy,50,0.06925919999965117,100.0
9,fitness_proportionate_selection,3,0.8,hard,50,0.7080576400000428,100.0
9,fitness_proportionate_selection,4,0.01,easy,50,0.5827027000006637,100.0
9,fitness_proportionate_selection,4,0.01,hard,50,2.5119472272718584,88.0
9,fitness_proportionate_selection,4,0.05,easy,50,0.18627519999950892,100.0
9,fitness_proportionate_selection,4,0.05,hard,50,2.2700143111106525,90.0
9,fitness_proportionate_selection,4,0.1,easy,50,0.10219536000062363,100.0
9,fitness_proportionate_selection,4,0.1,hard,50,4.142370130435112,92.0
9,fitness_proportionate_selection,4,0.2,easy,50,0.08350715999986277,100.0
9,fitness_proportionate_selection,4,0.2,hard,50,1.1516240399997333,100.0
9,fitness_proportionate_selection,4,0.3,easy,50,0.068726579999784,100.0
9,fitness_proportionate_selection,4,0.3,hard,50,0.5326908599998569,100.0
9,fitness_proportionate_selection,4,0.4,easy,50,0.04623029999958817,100.0
9,fitness_proportionate_selection,4,0.4,hard,50,0.42799464000025184,100.0
9,fitness_proportionate_selection,4,0.5,easy,50,0.05642724000004819,100.0
9,fitness_proportionate_selection,4,0.5,hard,50,0.24106657999916933,100.0
9,fitness_proportionate_selection,4,0.6,easy,50,0.05280404000033741,100.0
9,fitness_proportionate_selection,4,0.6,hard,50,0.3393831600001431,100.0
9,fitness_proportionate_selection,4,0.7,easy,50,0.06195847999973921,100.0
9,fitness_proportionate_selection,4,0.7,hard,50,0.4695676999998977,100.0
9,fitness_proportionate_selection,4,0.8,easy,50,0.08799500000037369,100.0
9,fitness_proportionate_selection,4,0.8,hard,50,0.8591899000000558,100.0
9,fitness_proportionate_selection,5,0.01,easy,50,0.7421657799997774,100.0
9,fitness_proportionate_selection,5,0.01,hard,50,4.921283742857174,70.0
9,fitness_proportionate_selection,5,0.05,easy,50,0.4518462599995837,100.0
9,fitness_proportionate_selection,5,0.05,hard,50,2.32000914893619,94.0
9,fitness_proportionate_selection,5,0.1,easy,50,0.14823904000077165,100.0
9,fitness_proportionate_selection,5,0.1,hard,50,2.69455002000017,100.0
9,fitness_proportionate_selection,5,0.2,easy,50,0.08921822000018437,100.0
9,fitness_proportionate_selection,5,0.2,hard,50,1.6684283200003847,100.0
9,fitness_proportionate_selection,5,0.3,easy,50,0.05301282000029459,100.0
9,fitness_proportionate_selection,5,0.3,hard,50,0.5354036600001564,100.0
9,fitness_proportionate_selection,5,0.4,easy,50,0.043689700000686574,100.0
9,fitness_proportionate_selection,5,0.4,hard,50,0.326535559999611,100.0
9,fitness_proportionate_selection,5,0.5,easy,50,0.04268313999971724,100.0
9,fitness_proportionate_selection,5,0.5,hard,50,0.33474832000007154,100.0
9,fitness_proportionate_selection,5,0.6,easy,50,0.06697969999993802,100.0
9,fitness_proportionate_selection,5,0.6,hard,50,0.37899712000013097,100.0
9,fitness_proportionate_selection,5,0.7,easy,50,0.043000060000194934,100.0
9,fitness_proportionate_selection,5,0.7,hard,50,0.3505855799993151,100.0
9,fitness_proportionate_selection,5,0.8,easy,50,0.058009260000399084,100.0
9,fitness_proportionate_selection,5,0.8,hard,50,0.38691892000017103,100.0
9,simple_sort,1,0.01,easy,50,1.076842558139571,86.0
9,simple_sort,1,0.01,hard,50,1.0662170000005062,16.0
9,simple_sort,1,0.05,easy,50,0.18962660000004689,100.0
9,simple_sort,1,0.05,hard,50,1.61690551351313,74.0
9,simple_sort,1,0.1,easy,50,0.12548386000038592,100.0
9,simple_sort,1,0.1,hard,50,2.420036599999912,80.0
9,simple_sort,1,0.2,easy,50,0.0574338199995691,100.0
9,simple_sort,1,0.2,hard,50,0.8333932400007324,100.0
9,simple_sort,1,0.3,easy,50,0.06571936000022106,100.0
9,simple_sort,1,0.3,hard,50,0.39410463999942297,100.0
9,simple_sort,1,0.4,easy,50,0.09410428000002867,100.0
9,simple_sort,1,0.4,hard,50,0.3570368400000734,100.0
9,simple_sort,1,0.5,easy,50,0.09333281999977772,100.0
9,simple_sort,1,0.5,hard,50,0.7949324999997043,100.0
9,simple_sort,1,0.6,easy,50,0.14260231999971437,100.0
9,simple_sort,1,0.6,hard,50,2.388050839999778,100.0
9,simple_sort,1,0.7,easy,50,0.2697056399997382,100.0
9,simple_sort,1,0.7,hard,50,5.194316346938686,98.0
9,simple_sort,1,0.8,easy,50,0.25841608000017,100.0
9,simple_sort,1,0.8,hard,50,6.2445242499989035,80.0
9,simple_sort,2,0.01,easy,50,0.9840542051268784,78.0
9,simple_sort,2,0.01,hard,50,1.4453866666679258,18.0
9,simple_sort,2,0.05,easy,50,0.4368094399999245,100.0
9,simple_sort,2,0.05,hard,50,2.0030828055550955,72.0
9,simple_sort,2,0.1,easy,50,0.14934964000000037,100.0
9,simple_sort,2,0.1,hard,50,1.9101007812496391,64.0
9,simple_sort,2,0.2,easy,50,0.049570700000040234,100.0
9,simple_sort,2,0.2,hard,50,2.431095238095579,84.0
9,simple_sort,2,0.3,easy,50,0.054330999999365304,100.0
9,simple_sort,2,0.3,hard,50,1.3853271000001406,100.0
9,simple_sort,2,0.4,easy,50,0.028933860000106507,100.0
9,simple_sort,2,0.4,hard,50,0.3882313200000499,100.0
9,simple_sort,2,0.5,easy,50,0.03337704000005033,100.0
9,simple_sort,2,0.5,hard,50,0.17099910000062665,100.0
9,simple_sort,2,0.6,easy,50,0.04508805999998003,100.0
9,simple_sort,2,0.6,hard,50,0.29957682000022035,100.0
9,simple_sort,2,0.7,easy,50,0.03836725999979535,100.0
9,simple_sort,2,0.7,hard,50,0.2853730799999903,100.0
9,simple_sort,2,0.8,easy,50,0.06178074000039487,100.0
9,simple_sort,2,0.8,hard,50,0.44594957999986945,100.0
9,simple_sort,3,0.01,easy,50,0.6552654000004016,60.0
9,simple_sort,3,0.01,hard,50,1.5390731818188215,22.0
9,simple_sort,3,0.05,easy,50,0.2140336999995634,100.0
9,simple_sort,3,0.05,hard,50,1.7635581052630809,38.0
9,simple_sort,3,0.1,easy,50,0.16344966000018757,100.0
9,simple_sort,3,0.1,hard,50,1.235088666667229,78.0
9,simple_sort,3,0.2,easy,50,0.05468562000052771,100.0
9,simple_sort,3,0.2,hard,50,1.9104954390248876,82.0
9,simple_sort,3,0.3,easy,50,0.0403701200002979,100.0
9,simple_sort,3,0.3,hard,50,1.5360574042554598,94.0
9,simple_sort,3,0.4,easy,50,0.03513220000008005,100.0
9,simple_sort,3,0.4,hard,50,1.027331163264646,98.0
9,simple_sort,3,0.5,easy,50,0.03759407999968971,100.0
9,simple_sort,3,0.5,hard,50,0.4047124400007306,100.0
9,simple_sort,3,0.6,easy,50,0.025607479999889618,100.0
9,simple_sort,3,0.6,hard,50,0.30851297999979577,100.0
9,simple_sort,3,0.7,easy,50,0.02781985999972676,100.0
9,simple_sort,3,0.7,hard,50,0.19303022000094644,100.0
9,simple_sort,3,0.8,easy,50,0.029445980000164126,100.0
9,simple_sort,3,0.8,hard,50,0.15118959999919754,100.0
9,simple_sort,4,0.01,easy,50,0.23696734146293105,82.0
9,simple_sort,4,0.01,hard,50,1.1301342222213862,18.0
9,simple_sort,4,0.05,easy,50,0.5207197799999267,100.0
9,simple_sort,4,0.05,hard,50,1.4112962727277507,22.0
9,simple_sort,4,0.1,easy,50,0.1847790799997165,100.0
9,simple_sort,4,0.1,hard,50,0.9559287499996572,48.0
9,simple_sort,4,0.2,easy,50,0.05958706000033999,100.0
9,simple_sort,4,0.2,hard,50,1.5632871428564872,70.0
9,simple_sort,4,0.3,easy,50,0.04022441999986768,100.0
9,simple_sort,4,0.3,hard,50,1.8102871395346674,86.0
9,simple_sort,4,0.4,easy,50,0.03402728000073694,100.0
9,simple_sort,4,0.4,hard,50,2.2114610212761847,94.0
9,simple_sort,4,0.5,easy,50,0.04805580000058399,100.0
9,simple_sort,4,0.5,hard,50,0.9777044200003729,100.0
9,simple_sort,4,0.6,easy,50,0.020765240000328047,100.0
9,simple_sort,4,0.6,hard,50,0.7259896199998912,100.0
9,simple_sort,4,0.7,easy,50,0.028474840000271798,100.0
9,simple_sort,4,0.7,hard,50,0.22529320000016015,100.0
9,simple_sort,4,0.8,easy,50,0.02658404000045266,100.0
9,simple_sort,4,0.8,hard,50,0.186328499999654,100.0
9,simple_sort,5,0.01,easy,50,1.0592188285711537,70.0
9,simple_sort,5,0.01,hard,50,1.5725677777776985,18.0
9,simple_sort,5,0.05,easy,50,1.0741738199997053,100.0
9,simple_sort,5,0.05,hard,50,1.6026861111119313,36.0
9,simple_sort,5,0.1,easy,50,0.2982269999998971,100.0
9,simple_sort,5,0.1,hard,50,2.8470397692309724,52.0
9,simple_sort,5,0.2,easy,50,0.06814026000050945,100.0
